nm_suproduto, Resultado 
subpyyy,24908672.650590000000
subpkkkk,1585.9422263610
subpjjjj,27921312.432132388
subpttt,59939.8278531395
subpoooo,12556499391.198212031327024200
subpwww,126808.373774326
subpff,0
subpqqq,-112141431.3651771575
subprrr,-3577.508110950
subplll,3201.217635400
subpiii,16984136706.2751371728
subphhh,-142296922.953160091720
subpeee,0
subpddd,4627094.962050070
subpggg,133.145034507330
subpaaa,1875092.473478600750
subpccc,763415.86050000000
subpbbb,418010.6747931720
